{"cameraMode":{"drawMode":0,"name":"Shaded","section":"Shading Mode"},"sceneLighting":false,"audioPlay":false,"sceneViewState":{"showFog":true,"showMaterialUpdate":false,"showSkybox":false,"showFlares":true,"showImageEffects":true,"showParticleSystems":true},"in2DMode":false,"pivot":{"x":4.297639846801758,"y":4.257807731628418,"z":15.4016752243042},"rotation":{"x":-0.047687992453575137,"y":0.7670177817344666,"z":0.05739739164710045,"w":0.6373172998428345},"size":0.8660253882408142,"orthographic":false}